Jane|Doe|janedoe@gmail.com|janedoe|123456|535.669.673.933|Uruguay|1
Angelica|Conley|angelica@gmail.com|angeli|YLZ86BLV0RH|1-514-398-7101|Argentina|0
Mira|Frank|mira.f@gmail.com|miraF|nieabc|977.608.298.107|Peru|0
Christine|Stewart|chris@gmail.com|Chris|crisk@123|486.723.045|Colombia|0
Savannah|Yers|sa@gmail.com|Savann|65d6sa|969.239.042.025|Haiti|0
Kylie|Williamson|kyli|kylie@gmail.com|kyliee|8888hhh|525555648|Mexico|0
Darlleen|Marsden|Darlleen.Marsden@gmail.com|Ellette|Petronia|280.327.854.004|Holy See (Vatican City State)|0
Lindie|Hebner|Lindie.Hebner@gmail.com|Feliza|Collen|456.127.969.188|Cambodia|0
Reeba|Boycey|Reeba.Boycey@gmail.com|Janis|Elbertina|112.917.515.367|Wallis and Futuna|0
Tori|Frendel|Tori.Frendel@gmail.com|Ronna|Gerianna|679.743.853.772|Panama|0
Angela|Henrie|Angela.Henrie@gmail.com|Marylou|Gisela|973.036.265.175|Botswana|0
Elora|Keily|Elora.Keily@gmail.com|Amii|Glynnis|227.032.418.539|Virgin Islands, British|0
Nonnah|Maisey|Nonnah.Maisey@gmail.com|Shannah|Sara-Ann|33.384.281.779|Svalbard and Jan Mayen|0
Goldie|Oriana|Goldie.Oriana@gmail.com|Kore|Celestyna|113.606.005.066|Zambia|0
Hannis|Hepsibah|Hannis.Hepsibah@gmail.com|Devina|Emylee|210.967.392.621|Malawi|0
